"Отметка времени","Using the Lectura app allowed me to get lecture notes significantly faster than I could have done manually "," The generated flashcards and quizzes accurately reflect the key concepts from the uploaded video/text without factual errors.","The application interface is intuitive, and it did not take long to figure out how to generate study materials.  ","  The structured format (Cornell Notes + integrated chatbot) helps me understand complex material better compared to simply watching a video  ","  The application was fast and stable: the generation of notes and tests occurred without crashes or critical errors, even when processing long videos.  ","  I would be happy to use the Lectura platform on a regular basis to prepare for my actual exams and sessions.  ","What did you like most about the application, and what, in your opinion, is missing?  "
"2026/05/30 3:06:12 PM GMT+5","5","3","3","4","4","5","Fast generation"
"2026/05/30 3:06:44 PM GMT+5","4","4","3","4","4","5","Presentation generation is awesome 🤩 "
"2026/05/30 3:07:09 PM GMT+5","4","3","4","4","3","3",""
"2026/05/30 3:07:28 PM GMT+5","5","5","4","4","4","4",""
"2026/05/30 3:07:35 PM GMT+5","5","5","5","5","5","5",""
"2026/05/30 3:07:39 PM GMT+5","3","3","3","3","3","3",""
"2026/05/30 3:08:06 PM GMT+5","5","5","5","5","5","5",""
"2026/05/30 6:39:39 PM GMT+5","5","5","5","5","5","5","flashcard are very good for exam preparation"
"2026/05/30 6:44:39 PM GMT+5","5","5","5","5","5","4","нет оффлайна"
"2026/05/30 6:45:11 PM GMT+5","5","4","5","5","5","5","нет мобильного приложения"
"2026/05/30 6:45:36 PM GMT+5","5","5","5","4","5","3","чат без галлюцинаций"
"2026/05/30 6:46:36 PM GMT+5","5","5","5","5","5","5",""
"2026/05/30 6:46:58 PM GMT+5","5","5","5","5","5","5","enjoyable design"
"2026/05/30 6:48:03 PM GMT+5","5","5","5","5","5","5","quizess, flashcards, summaries, chatbot all in one is comfortable "
"2026/05/30 6:48:27 PM GMT+5","5","5","5","5","5","5",""